{"cameraMode":{"drawMode":0,"name":"Shaded","section":"Shading Mode"},"sceneLighting":true,"audioPlay":false,"sceneViewState":{"showFog":true,"showMaterialUpdate":false,"showSkybox":true,"showFlares":true,"showImageEffects":true,"showParticleSystems":true},"in2DMode":false,"pivot":{"x":-3.418262004852295,"y":0.8961485624313355,"z":-14.15226936340332},"rotation":{"x":0.5112429261207581,"y":0.09091625362634659,"z":-0.054502930492162707,"w":0.8528832793235779},"size":18.188077926635743,"orthographic":false}